{"version":"1.0.0-8461c83f6e5e3f424ca5b482271ce4133f442ba2","blobs":["0e462e19f3f2f0f7ae2c04226fff15fc89afaff3f184c2e07b904564f16939aa"],"trace":{"consumed_time":{"dump_blob":2.0326039791107178,"dump_bootstrap":0.0154557591304183,"load_from_directory":0.0822836309671402,"load_from_parent_bootstrap":0.10893222689628601,"total_build":2.3377904891967773,"validate_bootstrap":0.11304730921983719},"registered_events":{"blob_compressed_size":41814518,"blob_decompressed_size":74422025,"dedup_chunks":80,"dedup_decompressed_size":354350,"egid":"0","euid":"0","load_from_directory":4221,"load_from_parent_bootstrap":4221}}}