{"version":"1.0.0-8461c83f6e5e3f424ca5b482271ce4133f442ba2","blobs":["0e462e19f3f2f0f7ae2c04226fff15fc89afaff3f184c2e07b904564f16939aa","753e40aa8e495233370efe2b923fb00511181f2f448fcd17b506dc765d84362a"],"trace":{"consumed_time":{"apply_tree":0.33152663707733154,"build_bootstrap":0.19830447435379028,"dump_blob":2.3785102367401123,"dump_bootstrap":0.01966492459177971,"load_from_directory":0.034766990691423416,"load_from_parent_bootstrap":0.14722302556037903,"total_build":3.2306010723114014,"validate_bootstrap":0.1529255360364914},"registered_events":{"blob_compressed_size":59899237,"blob_decompressed_size":116882433,"dedup_chunks":73,"dedup_decompressed_size":308245,"egid":"0","euid":"0","load_from_directory":1617,"load_from_parent_bootstrap":9999}}}