{"version":"1.0.0-8461c83f6e5e3f424ca5b482271ce4133f442ba2","blobs":["0e462e19f3f2f0f7ae2c04226fff15fc89afaff3f184c2e07b904564f16939aa","753e40aa8e495233370efe2b923fb00511181f2f448fcd17b506dc765d84362a","3506d1ffb737e4996b87443b38a5b464bf1d16c96e6d381aa123be664eea5c8c"],"trace":{"consumed_time":{"apply_tree":0.00005599499854724854,"build_bootstrap":0.19395972788333893,"dump_blob":0.08093122392892838,"dump_bootstrap":0.027938295155763626,"load_from_directory":0.00022128000273369253,"load_from_parent_bootstrap":0.2290700376033783,"total_build":0.576881468296051,"validate_bootstrap":0.23819571733474731},"registered_events":{"blob_compressed_size":747,"blob_decompressed_size":1620,"egid":"0","euid":"0","load_from_directory":1,"load_from_parent_bootstrap":11557}}}