{"version":"1.0.0-8461c83f6e5e3f424ca5b482271ce4133f442ba2","blobs":["0e462e19f3f2f0f7ae2c04226fff15fc89afaff3f184c2e07b904564f16939aa","753e40aa8e495233370efe2b923fb00511181f2f448fcd17b506dc765d84362a","3506d1ffb737e4996b87443b38a5b464bf1d16c96e6d381aa123be664eea5c8c","1cf998272c8c2ca3be04c6a51296afa24df99a6645cdc65482d4aab0bf5011de"],"trace":{"consumed_time":{"apply_tree":0.00003500499951769598,"build_bootstrap":0.1263326108455658,"dump_blob":0.05101091042160988,"dump_bootstrap":0.01904698647558689,"load_from_directory":0.00021111700334586203,"load_from_parent_bootstrap":0.15160627663135529,"total_build":0.37354397773742676,"validate_bootstrap":0.1571725606918335},"registered_events":{"blob_compressed_size":1086,"blob_decompressed_size":2125,"egid":"0","euid":"0","load_from_directory":2,"load_from_parent_bootstrap":11559}}}