{"version":"1.0.0-8461c83f6e5e3f424ca5b482271ce4133f442ba2","blobs":["0e462e19f3f2f0f7ae2c04226fff15fc89afaff3f184c2e07b904564f16939aa","753e40aa8e495233370efe2b923fb00511181f2f448fcd17b506dc765d84362a","3506d1ffb737e4996b87443b38a5b464bf1d16c96e6d381aa123be664eea5c8c","1cf998272c8c2ca3be04c6a51296afa24df99a6645cdc65482d4aab0bf5011de","3677d10ec806005708992c3c471803108b0560ca93945d2912c749affa133f39"],"trace":{"consumed_time":{"apply_tree":0.00008564200106775388,"build_bootstrap":0.19335973262786865,"dump_blob":0.08076395094394684,"dump_bootstrap":0.02826022170484066,"load_from_directory":0.00021694099996238947,"load_from_parent_bootstrap":0.2039656788110733,"total_build":0.5768432021141052,"validate_bootstrap":0.21015307307243347},"registered_events":{"blob_compressed_size":295,"blob_decompressed_size":389,"egid":"0","euid":"0","load_from_directory":2,"load_from_parent_bootstrap":11561}}}