{"version":"1.0.0-8461c83f6e5e3f424ca5b482271ce4133f442ba2","blobs":["0e462e19f3f2f0f7ae2c04226fff15fc89afaff3f184c2e07b904564f16939aa","753e40aa8e495233370efe2b923fb00511181f2f448fcd17b506dc765d84362a","3506d1ffb737e4996b87443b38a5b464bf1d16c96e6d381aa123be664eea5c8c","1cf998272c8c2ca3be04c6a51296afa24df99a6645cdc65482d4aab0bf5011de","3677d10ec806005708992c3c471803108b0560ca93945d2912c749affa133f39","7cb9669b7c54b39d90e09584152cea2c5445c7c42244df2a23416d5db18dd6ad"],"trace":{"consumed_time":{"apply_tree":0.00004578299922286533,"build_bootstrap":0.12596283853054047,"dump_blob":0.05127112939953804,"dump_bootstrap":0.019316740334033966,"load_from_directory":0.00033508098567835987,"load_from_parent_bootstrap":0.1531398743391037,"total_build":0.3789849877357483,"validate_bootstrap":0.1587890237569809},"registered_events":{"blob_compressed_size":1515,"blob_decompressed_size":3018,"egid":"0","euid":"0","load_from_directory":2,"load_from_parent_bootstrap":11563}}}